{"UUID":"I3YdEOVMFLhPAifzEDc57h","layoutMainAxisSizing":null,"layoutCrossAxisSizing":null,"name":"Untitled","isVisible":true,"boundaryRectangle":null,"style":null,"prototypeNodeUUID":null,"child":null,"constraints":null,"debug":false,"pngPath":"/usr/src/app/temp-out/pb-tmp-834a43d8-c6b7-4d7a-86af-2077b8d47184/nnn/lib/assets/images","pages":[{"UUID":"0:1","layoutMainAxisSizing":null,"layoutCrossAxisSizing":null,"name":"Page 1","isVisible":true,"boundaryRectangle":null,"style":null,"prototypeNodeUUID":null,"child":null,"constraints":null,"convert":true,"screens":[],"pbdlType":"page"}],"miscPages":[],"sharedStyles":[],"globalStyles":{"UUID":"","layoutMainAxisSizing":null,"layoutCrossAxisSizing":null,"name":"","isVisible":false,"boundaryRectangle":null,"style":null,"prototypeNodeUUID":null,"child":null,"constraints":null,"pbdlType":"global_styles","designSystem":"material","colors":[],"textStyles":[],"themeColors":[{"UUID":"69:2","layoutMainAxisSizing":null,"layoutCrossAxisSizing":null,"name":"light/onPrimary","isVisible":false,"boundaryRectangle":null,"style":null,"prototypeNodeUUID":null,"child":null,"constraints":null,"description":"","pbdlType":"global_color","color":{"a":1.0,"r":0.0,"g":0.27224570512771606,"b":0.35821786522865295},"colorScheme":"light"},{"UUID":"69:3","layoutMainAxisSizing":null,"layoutCrossAxisSizing":null,"name":"light/primary","isVisible":false,"boundaryRectangle":null,"style":null,"prototypeNodeUUID":null,"child":null,"constraints":null,"description":"","pbdlType":"global_color","color":{"a":1.0,"r":0.46070611476898193,"g":0.87056964635849,"b":1.0},"colorScheme":"light"},{"UUID":"69:4","layoutMainAxisSizing":null,"layoutCrossAxisSizing":null,"name":"light/primaryContainer","isVisible":false,"boundaryRectangle":null,"style":null,"prototypeNodeUUID":null,"child":null,"constraints":null,"description":"","pbdlType":"global_color","color":{"a":1.0,"r":0.0,"g":0.43921568989753723,"b":0.5764706134796143},"colorScheme":"light"},{"UUID":"69:5","layoutMainAxisSizing":null,"layoutCrossAxisSizing":null,"name":"light/onPrimaryContainer","isVisible":false,"boundaryRectangle":null,"style":null,"prototypeNodeUUID":null,"child":null,"constraints":null,"description":"","pbdlType":"global_color","color":{"a":1.0,"r":0.5182721614837646,"g":0.8843854665756226,"b":1.0},"colorScheme":"light"}],"themeTextStyles":[]},"pbdlType":"project"}